,itemName,initial,timeOnMarket,priceIncrease,priceAvg,priceSD,maxPrice,maxIdx,minPrice,minIdx,swing,volAvg,volSD,slope,rr
0,Dirty Tank Top (White),0.018999999999999906,815,-0.6803891296386719,0.5225707381239124,0.3290792679992308,2.04,69,0.17802972054481508,813,1.861970279455185,635.2267156862745,1158.2141886059906,-0.0008338622207433598,0.35627550964360183
1,Skinny Jeans (Khaki),0.21399999999999864,857,-93.7182947769165,1.596026932249397,7.076445842920864,96.869,3,0.1879309710264206,853,96.68106902897358,487.2867132867133,579.4091913627057,-0.007624120909565652,0.071210152408501
2,Working Boots,2.099,1147,-13.251030128479004,0.950069256341935,1.5344854743132867,17.071,5,0.108,774,16.963,2154.1254355400697,3625.8846585952865,-0.0025664637571705664,0.3072181775153988
3,TUXEDO SET (MALE),22210.173,1010,7601.259000000001,11910.19403508772,5435.6794611974465,28706.84,55,124.346,104,28582.494,1.4502923976608186,0.892881154806658,-43.91374125806993,0.1590337582124248
4,Suede Aviator Cap,-6.883000000000001,703,-14.510418914794922,6.8244868385475135,5.15998916796664,19.25,40,0.976,355,18.274,415.98721590909093,794.4729142546612,-0.021650174656854565,0.7270904234952167
5,Raglan T-shirt (Red-White),-1.8439999999999994,815,-7.001969783782958,0.4530454958843835,0.6939425364607983,14.777,552,0.094,387,14.683,1050.8566176470588,1208.7085608527623,-0.0008684630414725524,0.08690686489836089
6,Polo Shirt (Pink),6.838000000000001,815,-31.357796752929687,0.6386424119584992,2.325458779192294,38.359,1,0.112,443,38.247,1152.4583333333333,1283.5112248984656,-0.002278488255160536,0.0532690211531008
7,Rugged (Beige) - Crossbow,0.11000000000000032,782,-3.995526016235351,0.4421429622444309,0.4478403635580369,4.282,1,0.11,355,4.172,1587.8173690932313,1868.5195213429179,-0.0008732054513633759,0.19423521871909577
8,VK Shirt,11.026,613,-4.0730576171875015,27.037106767485895,4.94078409860246,43.157,284,14.365,44,28.791999999999994,77.67915309446254,115.23534757564123,-0.0003811395620464042,0.00018695223103836733
9,Vintage Baseball Cap (White),-0.08599999999999997,815,-0.8799010963439942,0.4628474940344984,0.3274739366350655,2.003,69,0.13,440,1.8730000000000002,1088.236519607843,1898.6478881370035,-0.0007895676446740307,0.3225697403315558
10,Desert Digital - P92,-1.0820000000000007,752,-22.622978515625,9.432809174864099,3.8537373429951165,37.347,5,2.5394512214660647,750,34.807548778533935,212.8738379814077,206.12628774647774,-0.013983982479636796,0.6221648336400097
11,Vikendi Elite Attendant Shoes,931.4420000000001,471,-289.3285002288818,13.755097328486332,84.10630879633928,1224.236,1,1.884,14,1222.352,133.57203389830508,95.7423222443691,-0.11282997984874447,0.033411246326972205
12,VK Varsity Jacket,127.05400000000003,613,-30.769745826721135,247.34290643038636,67.42180318480041,501.254,1,66.101,234,435.153,141.20032573289902,159.79202872136844,0.08345404780428127,0.04813360945293857
13,"""Baby Bear"" Face Shirt",-2332.8360000000002,470,-3788.3632938842775,260.00904386815205,240.61408595687888,4021.57,0,124.471,89,3897.099,143.56716417910448,103.1677286934751,-0.2832241372957187,0.02539691082214737
14,Leather Bootcut Pants,-3215.1449999999995,815,-8830.41401965332,288.5200097766852,525.4723582609021,8931.205,0,46.755,437,8884.45,75.34436274509804,55.48315229697744,-1.048484226341209,0.22091360898999401
15,Combat Pants (White),-4.9879999999999995,1147,-13.091473068237304,0.919303195413189,1.143369042582338,13.376,0,0.147,745,13.229,1803.0662020905922,2724.627112704193,-0.0020131485026884392,0.34047165896188136
16,Leather Boots (Brown),-39.750999999999976,857,-431.392234375,5.5626106765851,27.298986869606058,432.522,0,0.986,496,431.536,246.92424242424244,374.02873765499896,-0.02301662742064916,0.04360969565145177
17,Fingerless Gloves (Tan),3.942,1147,-40.69618957519531,3.2678757487690198,5.228691229182469,55.938,4,0.5297465827465057,1144,55.4082534172535,824.1315331010453,805.2800317673069,-0.008764141782291854,0.308556711871139
18,Vintage Gas Mask,-414.1750000000002,815,-2444.5025597648623,138.54831109790328,194.21421364177638,2466.822,0,22.31944023513794,815,2444.5025597648623,167.49019607843138,120.31568933419096,-0.4844257049202173,0.34521587396996634
19,Gunsmith Cobalt - QBU,1.8230000000000004,172,33.986490047454836,39.796372810545684,8.803825239708594,49.987,54,9.959,0,40.028000000000006,790.5895953757225,498.205855387721,0.108118663327665,0.376144710414652
20,FIRE IN THE HOLE SET,39343.117,703,180.4320000000007,27575.26914285714,20081.93016068431,68540.898,1,4656.326,6,63884.572,1.0714285714285714,0.25753937681885636,-2038.5045186813181,0.16744254544575676
21,The Olive Branch - Pan,133195.85400000002,752,116500.11899999999,128053.99204458598,18867.89330589105,145505.547,5,5522.24,0,139983.307,1.1401273885350318,0.4291689306477201,-59.5401810169996,0.02045379586036476
22,Slacks (Purple),178.0970000000002,1018,-1186.5754482421873,175.060401297602,258.0334531974394,1380.659,1,11.814787109375,1005,1368.8442128906252,92.15701668302258,99.07132509294973,-0.6716764430080805,0.5863202701555604
23,Gold Plate - Groza,-138.62599999999998,752,-201.53661280822757,375.61547938105565,62.47397274483263,735.173,0,186.514,376,548.659,184.35590969455512,123.99694024521375,-0.023178047029209337,0.006503743012529235
24,Shirt (White),3.166000000000004,1147,-50.13397712326049,26.543973974553865,25.935463900824693,111.155,330,2.776,70,108.379,1051.369337979094,1193.7142483840228,-0.0365404931140433,0.21800324955504416
25,Jeans (Tan),45.789999999999964,1147,-173.19368969726563,1792.2048115167652,2418.0528329355598,10772.043,238,49.908,771,10722.135,46.43554006968641,37.19330132877041,-4.836429108464307,0.43935976356554146
26,Bloody Sneakers,-942.46,1017,-935.6805571289063,175.65489262549795,75.77643605676485,1028.833,0,47.599,27,981.234,579.1125370187561,596.8832136616146,-0.15455124440360957,0.3557245862037423
27,Gold Plate  - Sawed-Off,-3.7779999999999916,775,-119.35658434295655,33.4751284726958,12.499142083550337,149.495,0,19.933,441,129.562,306.8904639175258,254.54568810283067,-0.02366627826102353,0.1799040740949076
28,Toxic - S1897,-3.5919999999999987,165,-22.835617969512946,61.11906408434603,15.401875150050476,101.716,41,41.729449120521544,147,59.98655087947845,157.75301204819277,106.92686593930574,-0.2643645772642837,0.6765166623119266
29,Golden Tracksuit Pants,22469.682,730,0.0,22469.682,0.0,22469.682,0,22469.682,0,0.0,1.0,0.0,,0.0
30,Long Leather Boots (Brown),74.6579999999999,857,-516.1214111938477,9.928256095535827,37.14644761430475,593.675,1,1.757,519,591.918,375.3403263403263,548.870650886062,-0.03490815882418962,0.05417663800064522
31,TRIUMPH CRATE,76.57299999999998,782,-363.9177860488892,9.408438469194362,48.621232093748716,460.556,2,0.227,361,460.329,12274.904214559387,15315.859252451004,-0.06347752913388409,0.0870822570351992
32,Camo Combat Pants (Gray),-0.7119999999999997,815,-7.930659317016602,4.743981702635978,2.483210676234312,10.13,5,1.0354777561426163,787,9.094522243857384,261.50857843137254,252.11502378979353,-0.009449659737886975,0.803532833252548
33,Padded Jacket (Beige),12.961999999999989,1147,-149.75083779144288,20.12038107411236,22.215342213157935,233.353,6,2.0944105602502825,1125,231.25858943974973,458.31620209059236,429.5122225494564,-0.04539010451622976,0.4584780525708495
34,Dirty Tank Top (Gray),0.45700000000000074,815,-14.093380523681642,4.854400500422015,3.454050792529917,17.627,7,1.1468342132568359,793,16.480165786743164,151.33823529411765,155.87733459365757,-0.011221768654663882,0.5856843267085311
35,GAMESCOM INVITATIONAL CRATE,52.684000000000026,1018,-206.90880310821532,126.94059351480534,165.1322586075766,677.842,105,16.814,592,661.028,6218.53091265947,17417.945960350775,-0.40743940724754446,0.5267795710846175
36,School Pants,-656.896,1017,-674.3501338806152,13.961697476908345,26.267355449549992,677.126,0,1.934,967,675.192,590.4373149062192,740.310353044434,-0.042475355300721364,0.22360348097990626
37,Hi-top Trainers (Red),-510.625,815,-19348.77205981445,6621.123925273047,5141.302214123203,24875.537,4,1114.217,436,23761.32,70.44975490196079,59.616852013986566,-16.816387350313995,0.5936323471019839
38,Pan of Judgement,58161.84,662,-14787.573242187502,10869.429233913355,3395.282772223469,81702.844,1,7494.97,592,74207.874,15.912087912087912,14.503130010415747,-4.564740391659978,0.061119080924883946
39,Silver Plate - Tommy Gun,2.475999999999999,752,-24.903013103485108,48.295849593651724,17.696347866154706,191.305,686,29.034,365,162.27100000000002,398.2018592297477,281.3668528210051,0.018334028780817715,0.05071733958556523
40,Lazy Sunday Sweatpants,91.85900000000004,703,-145.18183627319334,141.23675381442345,76.69611425043227,468.906,6,42.919,307,425.987,136.01988636363637,219.6814640047262,-0.267104692797471,0.5009328468127248
41,PGC 2019 Goggles,13.951999999999998,151,22.515238334655763,105.87977002620933,12.51541439698175,138.395,60,73.808,0,64.587,291.86842105263156,270.1637340823087,0.02434618555099197,0.0072854858515341014
42,Punk Knuckle Gloves (Black),420.11400000000003,857,-1061.3438578681944,75.1970712355424,99.22778423544571,1530.551,1,33.186,162,1497.365,945.1433566433567,991.1072034713915,-0.07132818915801231,0.03169921806681412
43,Constable's Pants,30.370000000000005,469,-295.55321875,13.717577592111144,52.86122270214729,982.293,2,4.0242031250000005,466,978.268796875,39.261702127659575,28.904421020832952,-0.06026681544179659,0.02392734889075485
44,Desert Shemagh,462.2449999999999,703,-1136.3056724853516,279.01787755566426,279.31194982651857,1910.982,6,30.297,327,1880.685,107.29119318181819,139.0515728873282,-0.8793117002343703,0.4093265045303956
45,Jungle Digital - AWM,-168.21800000000007,782,-1455.264144470215,295.3372940979686,173.33858856124985,1676.91,0,82.345,406,1594.565,61.77905491698595,46.10400780583738,-0.5034223825047581,0.43093929733616015
46,Desert Digital - Mini14,-9.596000000000004,775,-186.6246304473877,184.1302883592039,43.77530962136497,370.493,0,94.845,399,275.648,432.6520618556701,312.2430656264943,0.08668878708707797,0.19679265060261442
47,TWITCH PRIME SET,-760.5,1042,1610.8110000000001,4940.950317538896,2517.6590806888375,12821.716,132,1921.853,475,10899.863000000001,6.827439886845827,16.62043814606518,-5.837657434530536,0.22394433568893693
48,Dress Shoes (Black),-0.11199999999999988,634,-1.231110595703125,0.48759526493080024,0.26294983662399946,2.738,34,0.16590793561935424,630,2.5720920643806457,236.37007874015748,172.19092146633884,-0.0007476607033300548,0.27166170792185873
49,Ballistic Mask,670.8710000000001,1018,-2306.849803237915,376.28609015946404,412.24429036124536,3671.275,3,58.601,639,3612.674,112.68498527968596,80.02287381699128,-0.9359299349408361,0.44600947112572076
50,Tracksuit Pants (Light Blue),3.147999999999996,815,-38.77918161010742,19.080526278570733,10.270252958708102,63.944,3,8.573,454,55.371,340.1421568627451,453.3150355526419,-0.029591235329460085,0.46064072367182224
51,Sneakers (White),-490.16499999999996,1011,-1775.044633544922,769.7987696036614,736.5811103594423,3014.309,99,34.924,635,2979.385,114.73715415019763,111.51997854921133,-2.200237050331468,0.7615126950098225
52,Floral Shirt,211.428,1018,-557.6810752563476,140.65188510043487,212.58001753141218,788.722,45,7.788745290756225,1005,780.9332547092438,246.95976447497546,281.0636452293691,-0.5506352752524898,0.5805637119233072
53,Rugged (Orange) - M416,143.07999999999993,775,-1172.738118171692,216.57257805713735,153.447720728218,1493.846,2,61.59028188502789,753,1432.255718114972,1009.3724226804123,898.38498091309,-0.1823885023514523,0.07089498351537735
54,BLUE SCHOOL UNIFORM SET (MALE),10249.241,1011,-4829.6320000000005,8915.512194594596,3155.3987632328585,23142.84,1,2728.432,168,20414.408,1.335135135135135,0.6625977607487865,-5.817893017702133,0.009695550687509534
55,Biker Pants (Gray),-401.58900000000017,857,-1814.586875,107.459982157745,140.19335225950854,1842.497,0,14.128,427,1828.3690000000001,41.14685314685315,37.31091406383839,-0.3495295279746453,0.3813340970371235
56,Vintage Polo Shirt,-4.186,815,-15.451049873352051,0.4791342418687601,0.8474197467463561,15.635,0,0.106,378,15.529,1101.390931372549,1249.2639844364028,-0.0011581838423670523,0.10364688714933318
57,FALL 2018 CRATE,3884.215,562,-4173.840878738403,30.455386053371026,415.9190668412595,8060.253,1,2.0514872198104857,470,8058.20151278019,3278.1350210970463,956.4979827746653,-0.3389337627716657,0.012433274167000602
58,Venetian - Mini14,963.8189999999995,172,3153.860140625,8380.812637310755,1326.4060988464005,10508.997,75,5625.045,0,4883.951999999999,20.213872832369944,21.86758451752793,19.897451635066957,0.5612267261843923
59,Combat Pants (Blue),-0.21999999999999886,1147,-28.723749149322508,1.2094404737589044,2.8816978885543345,35.182,6,0.152,769,35.03,1553.73606271777,2418.0276937462627,-0.00366140517684312,0.17729679562338482
60,Bloody Combat Pants,28.814999999999998,1018,-46.22773767089844,2.7334233494573534,6.231139646232545,76.178,2,0.365,669,75.813,504.810598626104,553.7177413102652,-0.00996255283306212,0.22119383079214505
61,Coat (Gray),15.663000000000011,815,-350.3145555725098,409.4274394980988,109.09673024428028,670.557,10,191.264,440,479.293,109.36764705882354,89.3054333390496,-0.353010970625942,0.5809668535285505
62,TRACKSUIT SET,-6156.851999999999,1011,-164.3889999999992,8752.862885542168,3488.460596721082,21829.287,2,2793.513,160,19035.774,1.4578313253012047,0.8544878663372119,-13.37885621659201,0.03377454432401368
63,Camo Combat Pants,-0.08200000000000007,815,-0.8372480163574219,0.4546426405640794,0.32804172516159663,1.991,69,0.145,413,1.846,1675.8995098039215,2907.5947912826296,-0.0007814914566313847,0.3149116403349369
64,Jungle Digital - M416,61.063999999999965,695,51.31700000000012,1206.0295,292.3983352692864,1710.882,2,1000.285,0,710.5970000000001,64.25,37.33882028131044,80.34840000000005,0.09438754439264
65,Rimless Sunglasses,7.523999999999994,1147,-43.70566226196289,36.01947532388277,28.5035994739447,155.511,234,8.285,91,147.226,404.37717770034845,458.32882852168,-0.04279350305797132,0.24754745466610031
66,Cloth Mask (Leopard),58190.625,857,-82010.94856027985,4321.922331477036,9442.583083664445,141697.891,1,342.52,479,141355.371,181.48481308411215,166.20767257730068,-16.939322561392594,0.19650614551881576
67,Floral Shirt (Black),-785.7820000000011,857,-9504.808930297853,747.8005598665018,1047.433913552399,9713.031,0,100.233,477,9612.798,95.04662004662005,61.193035307631185,-2.7866747839603176,0.43422222933037896
68,Desert Digital - Sawed-Off,-0.10599999999999987,752,-5.302044616699218,2.2599456956144346,1.78244750200294,41.352,514,0.512,417,40.839999999999996,411.81938911022576,442.2091280501063,-0.0026250150018467234,0.10247974233183361
69,Long Sleeved Turtleneck (Burgundy),-0.32699999999999996,557,-0.49073595046997065,0.2870714582952547,0.11504772169045722,0.76,380,0.12,122,0.64,1294.9121863799282,1330.8361121947898,0.0003222885367126742,0.2036195291755064
70,Jungle Digital - M16A4,4.542000000000002,172,61.71695816802977,72.65370582087053,11.01689401403829,100.88795816802977,172,39.171,0,61.71695816802977,193.60693641618496,136.9453557887866,0.18764339932588187,0.7235102535273061
71,Sleeveless Biker Jacket (Brown),-4912.779,857,-18614.545515625,761.7242696090289,1502.2254369744005,18812.088,0,51.947,482,18760.141,51.1025641025641,41.79215101187388,-3.229048331604681,0.28344683211814503
72,Mesh Polo Shirt,-19.165999999999997,815,-51.4338046875,2.849968138006388,2.8126157407745156,53.501,0,0.7025821151733399,793,52.798417884826655,187.66176470588235,288.1445941979708,-0.005926200782359827,0.24633739035024155
73,Fringed Hotpants,1125.362,703,-6478.3681351318355,1842.871981182204,1750.36667073079,10160.863,5,218.888,327,9941.974999999999,106.2684659090909,129.64618734064166,-6.082708097701418,0.4987685681326991
74,TARGET PRACTICE,2.913000000000011,759,-104.97919964599609,89.16374095233742,30.54561667101609,225.625,14,39.89,245,185.735,356.28684210526313,1053.293484784762,0.0046732596855711735,0.0011266453315453982
75,BLACK SCHOOL UNIFORM SET (MALE),-14678.392999999998,1011,-9309.076,10968.034847560975,4042.783929724641,22272.188,0,2850.335,143,19421.853,1.6829268292682926,1.0345029297779755,8.629624633738253,0.010212052811344192
76,Long Sleeved T-shirt (Black),3.1030000000000015,1147,-34.1240246887207,1.6803088191069584,4.1854314312580785,54.321,6,0.15,703,54.171,1560.2726480836236,2087.174840135269,-0.005765751434745436,0.2084172058524313
77,Urban Padded Jacket,4.699999999999996,815,-59.41581631469727,23.65641233555549,16.136431784440816,75.949,3,3.611799614906311,807,72.33720038509368,275.6397058823529,250.6527558429753,-0.060409482858753374,0.7776669500632978
78,PGC 2019 Sneakers,10.058000000000007,151,0.8712044944763306,74.70889489523832,10.233678864718957,93.242,47,52.53547638070583,147,40.706523619294174,326.49342105263156,293.3114026151828,-0.16666570827493146,0.5106414532782559
79,Paddy Cap,-199.862,731,-216.14637140655518,8.284863771740596,9.961527723125593,218.92,0,1.146,356,217.774,406.9631205673759,749.4619621318087,-0.02727278087574929,0.3104581495095429
80,Patrol Cap (Gray),-12.959000000000003,857,-504.86790631103514,32.70344293479083,57.09527636939632,507.426,0,2.374952133178711,854,505.05104786682125,176.03146853146853,201.66250207710223,-0.1470731377517351,0.40706062659468206
81,Snake Skin Sneakers,-267.73199999999997,731,-295.6136526184082,16.029921271198692,16.964743889721166,301.02,0,1.9861143041849139,679,299.03388569581506,280.45106382978724,454.0012006134375,-0.0587653319824384,0.4969856931193411
82,Glory - AKM,-89.41300000000001,775,-376.75679101562497,64.33538223092073,38.956009824257876,416.575,0,17.073,399,399.502,127.59278350515464,122.042388062528,-0.1272824630935821,0.5357099141406779
83,PGC 2019 Parachute,44.571000000000026,151,-59.95370103454587,458.49908471959594,122.99237656139681,647.561,52,256.11599561548235,126,391.4450043845177,241.14473684210526,217.2470521844324,-2.005477736950205,0.5118779661095246
84,Lucky Knight - SKS,46.03399999999999,172,20.754642555236842,490.20279316466036,71.94626437629002,622.293,71,305.65362239408495,149,316.63937760591506,170.32947976878611,172.3994591755056,-0.6805138082815649,0.22312787759760377
85,School Shoes,139.77999999999997,1018,-1014.4430000000001,140.22888139497496,257.47704916571513,1479.123,7,6.311611328125,1003,1472.811388671875,61.80863591756624,72.31196511183713,-0.5916943084665375,0.4569665816065174
86,Fingerless Gloves (Leather),2.7590000000000003,1147,-65.75766032791138,14.67187812661325,10.687481262324196,83.263,4,3.819,88,79.444,1114.1350174216027,1115.1946159401343,-0.015802165536346367,0.24009586568908872
87,BLUE SCHOOL UNIFORM SET (FEMALE),82.00400000000081,1009,3374.9180000000015,32326.397066666665,12789.464468208818,78488.633,42,21.614,98,78467.019,1.2666666666666666,0.5566338741410459,36.197522527472515,0.007358866651865761
88,Jungle Leggings,3.8899999999999864,557,-106.89199853134156,86.79017953424598,38.619529344953435,238.422,6,37.278659801721574,541,201.14334019827842,158.55376344086022,81.82411733463908,-0.2133591344904109,0.7919436582382178
89,Coat (Black),141.16099999999983,634,-697.5248849792481,740.6885211128371,274.3282546915948,1534.72,36,226.036,256,1308.684,71.41417322834646,52.6154085458094,-0.6429124540029398,0.1845558108908674
90,Rugged (Beige) - M16A4,4.5319999999999965,782,-47.10203233337403,1.0862205498028228,4.703092820195568,54.192,3,0.144,436,54.048,1796.3346104725415,2022.7572170294613,-0.00542546552662232,0.067990539332713
91,Desert Digital - Micro UZI,0.9420000000000002,752,-14.21022406387329,9.926639405681001,3.1716464697395965,29.576,4,3.867,406,25.709,673.0092961487384,589.1639956115807,-0.0023610967794947205,0.026185807649264863
92,VK Jeans,29.473,613,8.993025268554689,91.50470315049448,12.341165874102641,122.709,283,55.663,44,67.046,98.04397394136808,152.15623834596929,-0.021323949715375948,0.09379447666283698
93,Silver Plate - S1897,112.98599999999999,782,-258.939344581604,108.74948120151856,75.1846133982189,465.328,4,26.40378620374203,767,438.92421379625796,266.9182630906769,157.64625988338796,-0.297091876755435,0.7977470049941373
94,Gold Plate - AWM,-141.7550000000001,752,-736.0239784622192,599.7093993419765,212.6203744902894,1378.239,0,183.386,376,1194.853,141.66268260292165,123.93025027855427,-0.3732101263202071,0.145581108143144
95,EQUINOX CRATE,-42.10499999999999,759,-242.04677947998047,3.2975345346543357,18.11681587533756,242.595,0,0.156,307,242.439,14802.921052631578,20736.788622209282,-0.019214703501780717,0.054143810900744285
96,Sleeveless Biker Jacket (Black),-2785.166000000001,857,-22522.80531982422,1173.2118964970418,2141.598308946941,23891.182,3,89.911,478,23801.271,69.3018648018648,48.89299978276998,-4.765537608544877,0.3037669437549087
97,INSTRUCTOR SET,3846.1059999999998,1011,962.8490000000002,10968.509918518517,5024.489612491877,24183.324,55,2590.79,114,21592.534,1.325925925925926,0.7486247107035636,-86.59410577016877,0.45108171067454633
98,Silver Plate - UMP45,-10.817,416,1.3507349433898952,76.78937444710589,25.823535357039965,149.962,69,21.507,40,128.45499999999998,206.2925659472422,139.18200828966872,0.04125296300055979,0.03698003034580638
99,Padded Jacket (Gray),5.327999999999996,815,-49.22295629882812,31.63123936938144,18.87297042240509,160.875,301,6.525636161804199,812,154.3493638381958,116.33946078431373,106.29919258774869,-0.049917529843524294,0.3881718819608252
100,Denim Shirt with Necktie,35.43599999999999,703,-94.55719165039062,28.344533700301906,25.477131996490307,152.713,4,5.4865473480224605,686,147.22645265197752,148.84801136363637,306.04723978333783,-0.10554322788023036,0.7087986247233051
101,East Erangel Police Shirt,1819.5120000000002,470,-1439.2238701171875,55.40930687491336,191.59323138720865,3282.891,1,18.320432754516602,455,3264.5705672454833,67.18085106382979,45.14420458692709,-0.27383583475581674,0.037603887072918445
102,Aviator Goggles,-371.8810000000003,857,-6599.397284210205,686.4612115353938,836.550726362204,7746.24,3,42.913,462,7703.327,99.72727272727273,90.90920046613445,-2.427985926290384,0.516773825391146
103,PLAYERUNKNOWN'S Trenchcoat,2083.7849999999994,1147,586.3136029663087,14214.5556114207,12393.336960226101,51450.723,239,1923.457,771,49527.265999999996,79.9773519163763,92.33760304741325,-26.328370496155777,0.4956483291241309
104,Rugged (Beige) - S12K,4.580000000000002,782,-19.035481716156006,1.4446853242584268,2.491741834952523,24.748,4,0.255,386,24.493000000000002,677.7752234993615,550.1743534619961,-0.005033141688991445,0.2084557096341525
105,Skinny Jeans (Pink),23.257000000000005,857,-148.73531763076784,3.52588088347973,12.779636713209005,174.263,2,0.22671583032608034,852,174.03628416967393,340.3939393939394,403.25132406421113,-0.016915893462887233,0.10748444186728678
106,AVIATOR KEY,-150.32,729,-313.12021875,181.68990532159677,36.12685636104492,495.839,0,124.548,165,371.291,298.4780821917808,653.4968804877961,0.021841371475355885,0.016231667031817176
107,Sleeveless Turtleneck (Black),267.317,857,-1644.4044220733642,22.32402329836191,137.0047108360126,1914.801,1,2.147303897857666,844,1912.6536961021422,533.9545454545455,816.1061659843409,-0.11375538918046091,0.042292728079030284
108,VK SET,410.05899999999997,613,74.10149999999999,779.7365141430948,169.30650752826006,1286.541,519,381.703,103,904.838,17.777038269550747,80.08180221999375,0.3364638638018861,0.1188765106984178
109,Woven Sun Hat,-25.480999999999995,557,-168.39849134445188,107.62509717971342,38.21695049849853,247.366,6,50.54883920109272,537,196.8171607989073,153.55913978494624,84.64657229569646,-0.18972014944824037,0.6394411979489103
110,Slacks (Blue),60.136999999999944,1018,-811.251703125,76.02289960070189,110.86977142537275,879.555,1,6.1252246093750005,1003,873.429775390625,62.886162904808636,68.500229542655,-0.27226596284775245,0.5218276686203277
111,Checkered Shirt (Coral),-48.036000000000016,815,-127.35623754882813,5.404142954369971,7.444768364630335,128.848,0,1.3330904922485352,796,127.51490950775148,268.7549019607843,416.6692259436972,-0.016269826613632823,0.26500977245655666
112,Suit Pants (Gray),-0.09999999999999998,557,0.33646428680419926,0.5584065154459742,0.20983054188328346,1.053,333,0.201,136,0.8519999999999999,367.8673835125448,272.85769718785536,0.0007964186483980035,0.37379302561477246
113,Survivalist Slacks,1329.2920000000004,634,25100.743001953128,14439.660660657797,7915.785405155921,32111.171427734378,627,4192.919,77,27918.252427734376,26.818897637795274,20.945304595817394,41.64311846239457,0.9299585508746697
114,Gunsmith Crimson - S12K,1.187,172,2.0918157463073728,5.826021135519006,1.8403557197772782,9.636,76,1.364,0,8.271999999999998,647.3005780346821,339.9182864230058,-0.0034508453045640243,0.008768875028189528
115,EAST ERANGEL POLICE CRATE,4.219999999999999,471,-21.85827347564697,2.0483813099762647,2.717346793549921,28.115,1,0.476,209,27.639,4474.620762711865,5911.656001522046,-0.0012969524955471132,0.004229205662731649
116,Gold Plate - UMP45,14.144999999999996,172,32.46578013229369,132.29212771211886,22.316766498782798,175.648,72,81.302,0,94.34599999999999,295.8728323699422,258.271658771046,0.17760923007800863,0.1579664919403322
117,Zest Turtleneck (White),-37.022999999999996,815,-120.14540198516846,12.766714248507338,9.402454909660921,126.194,0,5.1526417877674096,802,121.0413582122326,504.0575980392157,649.0564798878651,-0.015561952631220965,0.1520001716919646
118,Striped Slippers (Pink),0.41100000000000003,557,-1.3031454696655271,1.5675874448437843,0.6052303775646131,4.597,6,0.4891634411811828,539,4.107836558818818,420.0931899641577,214.3576682874289,-0.0029112752161918635,0.6003587541324563
119,Vintage Baseball Cap (Red-White),0.008000000000000007,634,-0.26025908279418947,0.3484599379460643,0.223169229447043,2.816,396,0.119,199,2.697,733.2236220472441,1320.465428710035,-0.0001953540224560066,0.025747864546084444
120,Sweater and Dress Shirt (Beige),754.886,471,-254.3620245742798,13.173598157965026,63.94869272633986,1013.638,1,3.174438135027885,456,1010.4635618649721,163.94703389830508,120.29784431624053,-0.08424539531500431,0.03222031672571465
121,Zest Bootcut Pants,-167.61299999999994,815,-959.6557321166993,75.09981844974294,81.82945877545698,989.106,0,25.67565325832367,800,963.4303467416763,210.8639705882353,301.63342473533623,-0.19853954539687418,0.32664281374255477
122,FEVER CRATE,-2.3089999999999975,815,-92.24318877410889,2.5054821809207395,8.236242585688178,92.73,0,0.267,400,92.46300000000001,12422.424019607843,26583.117161760652,-0.012412002142076528,0.12601546425257376
123,Horn-rimmed Glasses (Brown),7.754000000000133,857,-1296.862353515625,37.93082576674361,96.68461237142891,1316.545,1,9.45754562997818,849,1307.087454370022,282.5979020979021,364.4092775082165,-0.11704590060924325,0.08990636399914342
124,Patrol Cap (Brown),7.260000000000019,857,-252.08507036590575,12.178504001480158,26.738677245811914,271.956,3,1.0543603119850158,836,270.901639688015,360.986013986014,454.7436940851615,-0.05901109193913511,0.2987997318438581
125,Floral Shirt (White),12.442999999999984,857,-1138.055258140564,106.4947374610609,144.77737446449893,1254.793,3,17.772209935188293,849,1237.0207900648115,154.3030303030303,155.11937358288725,-0.39762217094685465,0.46273519344112096
126,Utility Belt (Brown),25.462999999999965,815,-551.2455056533814,35.59428886676814,45.094036955853916,579.658,1,2.9494943466186525,815,576.7085056533814,370.49632352941177,268.65269325716184,-0.10164683851267672,0.28193431439671535
127,VK Sneakers,40.15899999999999,613,-37.53741998291015,103.39217941993766,37.15607566440283,261.668,6,55.398,554,206.27,101.40065146579805,158.62324732651726,-0.1505492435304898,0.5157649464436419
128,Hi-top Trainers (Brown),-0.026999999999999913,815,-1.4161771392822264,0.5813819461459038,0.402324398726887,2.121,71,0.16682286071777344,815,1.9541771392822265,573.3480392156863,979.1057714628392,-0.001270195235529694,0.5530783215140997
129,IVORY SCHOOL UNIFORM SET (MALE),-3963.9480000000003,1011,9968.835,10826.32447204969,3553.45331354934,22962.514,160,2674.665,155,20287.849,1.453416149068323,0.818651447979896,18.08873069070624,0.055971727255460596
130,PGC 2019 - M416,70.45000000000005,151,393.41196171569845,1417.31012257348,298.70617516893367,1915.046,46,965.4300706837178,126,949.6159293162823,556.8881578947369,377.615885826041,-2.0890079640161385,0.09416270406170195
131,Trifecta - SCAR-L,-244.14400000000023,775,-3676.338898925782,899.5625311102174,523.1216090975753,4305.917,0,255.752,399,4050.1650000000004,225.72164948453607,155.30986600906405,-1.4806029571977137,0.4019882692152705
132,Constable's Hat,24.42899999999986,468,-1284.4582695312502,100.4661426812113,104.82641236650356,1385.619,2,35.832,72,1349.7869999999998,50.140724946695094,45.47167426257849,-0.12106307776499727,0.024448062171843882
133,Pleated Mini-skirt (Blue),6456.716999999999,1018,-10482.348676605225,5434.594274033892,5667.298432810867,34368.609,3,256.432,642,34112.176999999996,88.75662414131502,110.32651888005626,-16.585996584484615,0.7411356116224128
134,Pleated Mini-skirt (Black),-2047.2029999999995,1011,-9964.550216506957,7565.84735615301,6914.33900203221,25604.912,101,539.847,635,25065.065,103.71837944664031,108.14786730998405,-19.751540232228912,0.6964339802849858
135,Gold Plate - AKM,187.08300000000054,752,-3773.9800382003787,4445.086996721643,1386.0980804193362,9537.766,10,1531.577,376,8006.188999999999,154.92828685258965,123.62955056765009,-2.869915373302645,0.20256210316761236
136,PIONEER CRATE,809.3520000000001,878,-327.5674999999999,813.3449938679919,285.15507299563154,1944.725,2,261.786,376,1682.9389999999999,31.030892448512585,159.4997190370182,-0.8042052018165929,0.5063054497559336
137,Bloody Shirt,-1.5700000000000003,1147,-11.949025756835937,6.572778073326636,9.674028967255497,62.057,187,0.824,91,61.233000000000004,611.6803135888501,963.3613299182105,-0.01340379890345703,0.21083525843433734
138,School Jacket,-147.9179999999999,1011,-864.7243827514648,753.2512806958375,832.69810693284,3288.127,151,31.894,628,3256.233,169.4891304347826,135.85902540147387,-2.2047332909035986,0.5982963040484923
139,Shirt (Black),11.241000000000014,1147,-174.68123931503294,56.1269899568619,55.07674524726552,270.62,229,7.404511479616165,1141,263.2154885203838,786.1088850174216,897.2870780933998,-0.10858782268357065,0.4269017304052318
140,PGC 2019 Combat Pants,27.677999999999997,151,37.08213483810425,191.54578826961628,16.77831637717416,230.964,33,153.95203178143498,127,77.01196821856502,329.38157894736844,243.8891825089324,-0.19813608576490682,0.2684834573029679
141,Zest Silk Scarf,-903.4609999999993,815,-6473.316569396972,558.8010153439872,504.3264421713885,6835.342,0,174.12,439,6661.222,181.00857843137254,201.90447089548806,-1.071560278368434,0.2505002443232185
142,Constable's Coat,-659.627,465,-2257.308625,669.1752644274798,297.99779596695544,2741.98,0,199.687,82,2542.293,36.603004291845494,39.96569225595668,-0.7805843373021119,0.12416584515072562
143,Beanie (Black),0.051999999999999824,634,-0.9694209060668946,0.8144543483743517,0.3158037444210592,2.252,42,0.298,273,1.9539999999999997,441.5196850393701,388.6877873939341,-0.0007170891004187217,0.17325142690139714
144,Slippers (Black),0.0030000000000000027,557,-0.16749430847167968,0.28676406274773314,0.10716792383474881,0.773,379,0.118,122,0.655,1244.31541218638,1416.7472503883303,0.00028900583938982143,0.18869889553294
145,Female Tuxedo Jacket (Purple),-10.854000000000042,815,-1391.55073046875,307.66822983744566,316.45215346649826,1493.619,3,37.572,440,1456.047,57.10294117647059,50.88379871571734,-1.0214976744282749,0.5781720230015219
146,Feathered Shirt,-3.1630000000000003,703,-13.159437164306642,14.119629218682649,7.223061450726946,35.772,4,5.125,345,30.647,109.3252840909091,188.93210101127053,-0.025996134776037766,0.5349807267687875
147,MILITARY UNIFORM SET(FEMALE),61873.64899999999,808,-17830.344,43050.04163999999,26592.08950188365,98017.055,1,5929.814,21,92087.241,1.04,0.19595917942265428,-2554.3650976923072,0.4798045464997317
148,Cargo Pants (Blue),12.216999999999999,1018,-18.10815287399292,1.597580905105579,2.613873540935651,33.298,3,0.228,678,33.07,845.144259077527,1093.1548440390504,-0.004526539046285553,0.25949566100500304
149,Twitch Prime Shirt,-1.5750000000000028,1042,-60.99119757080078,113.71615057754072,136.17848956112763,712.302,123,27.043,898,685.259,334.9338446788111,419.56184792382277,-0.29085933665823704,0.41355756021278084
150,Target Practice - Pan,2.359000000000009,759,-164.00308288192747,63.987192498541496,22.034772628588623,216.673,1,36.365,246,180.308,971.328947368421,1194.3109309088507,-0.027464802689201595,0.07477923299501447
151,Gas Mask (Full),-0.025000000000000355,796,-10.077667907714844,4.672920430165461,2.7473262455362977,13.525,12,1.0788374379873276,790,12.446162562012672,514.7728983688833,469.50238466142673,-0.010481491769415303,0.7704783472385421
152,Bloody Tank Top (White),-0.690999999999999,815,-26.286085205078123,6.214806238186125,4.992750287636469,28.454,2,1.3648720703125,796,27.0891279296875,78.9779411764706,86.40610059070283,-0.016361200029740536,0.5958665923356475
153,Mandarin Jacket (Blue),1113.062,1018,-3376.504447265625,544.6261784668493,644.565973718959,5104.61,2,40.169,643,5064.441,73.1756624141315,62.557416660398,-1.750159716384226,0.6379509952738192
154,Camo Cap,-1597.9099999999999,1017,-2578.1009352111814,337.02367357191605,297.0606089899627,2671.814,0,73.62,628,2598.194,249.0908193484699,262.88126665843026,-0.8142978760981313,0.6425600068896422
155,Zest Sunglasses,-136.90600000000006,815,-905.3063569221497,156.94878803243913,92.13024626782362,977.82,0,54.534,436,923.2860000000001,390.9424019607843,476.2890304794085,-0.2878534192671236,0.5416724410228686
156,Rugged (Beige) - SKS,3.6469999999999985,782,-16.214545398712158,0.6854096470285649,1.7739425838476515,21.082,3,0.142,331,20.94,1634.2171136653894,1593.210669980853,-0.0022224797010897955,0.08019329485796815
157,Sunglasses,9.292999999999992,1147,-75.75134328460695,51.99528291089059,46.441643476797395,221.937,235,7.723303459882736,1122,214.21369654011727,609.0087108013937,670.9477123269259,-0.0778671543540506,0.30874195349550193
158,TUXEDO SET (FEMALE),-18988.223,1011,-31695.383,19114.468592307694,7857.006845356101,43658.723,5,2182.03,118,41476.693,1.3846153846153846,0.6249260311258431,-102.91708844583431,0.24162422811596676
159,Military Jacket (Black),14435.082999999999,815,-20701.23017248535,1647.8257419929816,3302.6812241741427,37528.086,2,184.809,436,37343.277,78.51225490196079,53.26034233370691,-7.027224553039972,0.2512075959317553
160,Padded Jacket (Purple),-1.7309999999999945,1147,-176.6612922363281,28.518312523273433,31.59644089799136,303.441,3,2.9882537994384766,1137,300.4527462005615,293.9137630662021,317.7504231521423,-0.06754712154284578,0.5019258501092199
161,Tank Top (Charcoal),-0.08400000000000002,557,-0.24681439971923835,0.44231634410756465,0.3868896434516873,7.224,294,0.2101325035095215,553,7.013867496490478,313.9336917562724,393.058894933534,-0.00035792393662097426,0.022207160684771188
162,Rugged (Orange) - Kar98k,39.71899999999994,775,-506.7810614356995,75.45790865108924,67.16112295505233,639.411,2,30.015,401,609.396,910.7770618556701,795.1924169267204,-0.15021831795814294,0.2510448789221781
163,Suit Coat (Gray),38.73599999999999,557,-277.99027954101564,156.2783258635408,72.59775607812843,563.895,6,46.853,162,517.042,59.19892473118279,39.577719904288216,-0.26894675414641067,0.3561000026414764
164,Striped Tank Top,-0.2939999999999996,815,-3.731230285644531,2.8046169533536713,1.4473601720096911,8.977,68,0.891,474,8.086,217.72058823529412,299.20546807360347,-0.004401540810503359,0.5131621898154761
165,Pilot Pants (Beige),-1.2860000000000014,445,-8.893690414428713,16.37964421224033,3.830364509859145,26.622,13,10.226132460594176,430,16.395867539405824,229.4394618834081,126.83623374903041,-0.008581167408470237,0.08319530681669703
166,Padded Jacket (Khaki),13.932000000000002,1147,-102.05696469116211,9.812734082199036,15.662222816660648,156.718,6,0.9900353088378906,1147,155.7279646911621,748.0470383275261,762.277804182352,-0.029578680457899166,0.3916994805936205
167,VIKENDI ELITE ATTENDANT SET,1220.2199999999998,456,60118.574,15806.410200000002,23354.556651364073,62436.512,4,2317.938,0,60118.574,1.0,0.0,12094.791900000004,0.5363935436916782
168,Sleeveless Turtleneck (Gray),28.583000000000027,857,-258.76506669616697,8.9425533322578,22.396098357709644,289.822,1,1.3454603271484376,853,288.4765396728516,388.0990675990676,508.5521848192625,-0.030922741689261242,0.11695101428008148
169,Countryside Sneakers,2.0700000000000003,703,-4.071659301757812,6.9463961248028685,5.565813110483552,24.95,45,1.165,369,23.785,218.59517045454547,333.8581575335183,-0.02263387682840883,0.6830049534545457
170,Tactical Gloves,2.8999999999999986,703,12.347701370239259,30.104202713268048,12.836176417671364,65.897,47,7.981,350,57.916000000000004,636.1235795454545,729.1995243935801,-0.03575396696166291,0.3204352684632052
171,Camo Hotpants,-3025.486000000001,1011,-11128.482460876465,3556.5481908976394,3755.4632640306745,14369.271,103,175.649,635,14193.622000000001,109.94664031620553,107.95321376517845,-11.052424599710692,0.739209331104987
172,Silver Plate - SCAR-L,1455.8469999999998,782,-2895.617045715332,1036.361473383853,758.8908828790004,5335.47,5,164.711,406,5170.759,128.6934865900383,112.02329645495848,-2.1849384584040283,0.423507706009931
173,Sleeveless Turtleneck (Red),17.982,857,-132.82949392700195,2.3699465866507072,10.945504759967072,151.472,3,0.288,496,151.184,524.2610722610723,651.2383358415817,-0.011029714491545176,0.06229449833678263
174,Checked Shirt (Red),659.4369999999999,1018,-1425.5038897171019,169.7888791525654,275.5261861342359,2095.711,1,6.736357161998749,1017,2088.974642838001,348.0588812561335,315.42874301596646,-0.6688570181116097,0.5099264259500675
175,Turquoise Delight - P1911,159.51600000000008,782,-667.9733104248046,177.7724035212732,147.40440966819807,874.265,5,31.358503196716306,753,842.9064968032836,80.43422733077905,47.44660725337869,-0.5755200797086156,0.7788280405974081
176,Tweed Vest (Gray),-6.046999999999997,557,-34.24834740447998,12.12076744372913,7.80695154954724,43.446,3,2.389098154783249,553,41.05690184521675,293.80645161290323,171.62458559692362,-0.04257516693349896,0.7716769138613928
177,Leather Hoodie (White),29175.781000000003,857,-79089.11015587616,3947.917235068459,9275.109098136205,116686.516,3,367.636,481,116318.88,218.14801864801865,160.32904758154476,-15.517885088227318,0.17171955304164457
178,MILITARY UNIFORM SET(MALE),-55182.918,813,-74811.639,30601.779058823526,14083.412585078271,94063.344,0,8833.458,31,85229.886,1.1176470588235294,0.32218973970892123,-678.820836669213,0.2236120806337929
179,EARLY BIRD KEY,135.14000000000004,857,-302.9190448760986,147.93547030396283,52.182713873621786,631.936,4,84.94,490,546.9960000000001,3532.416083916084,7631.109713670241,-0.10585646808728648,0.2524493259242766
180,Velcro Trainers,-53.30000000000018,1017,-1082.715937133789,22.514334961675328,50.533094536249685,1085.92,0,1.979925266265869,989,1083.9400747337343,427.8984220907298,504.6710848494411,-0.06465621958057127,0.1402694418905615
181,Faux Leather Jacket,10121.362999999998,815,-22701.788096046446,2194.9716086943336,4172.028789912362,45220.941,3,73.479,439,45147.462,111.26960784313725,126.7618419182716,-10.923095330547987,0.38036038096749747
182,Camo Padded Jacket,-1.411999999999992,815,-91.13243493652344,44.426458429659995,25.535242023070065,114.745,3,7.059456413269043,810,107.68554358673096,104.87867647058823,96.40611218629098,-0.09942996896669268,0.8413042252219117
183,Princess Power Tank Top,-39.089999999999975,557,-107.653208984375,88.66669069246409,49.67623927454511,255.708,8,9.599,165,246.109,91.85304659498208,110.98814840198182,-0.04456571064338298,0.020882861530674313
184,Silver Plate - S12K,-57.94900000000001,752,-219.1431229324341,128.17091492200623,53.923410038722196,283.146,6,41.878,360,241.26800000000003,119.40504648074369,81.84360965888852,-0.17292895436876016,0.4859467414426954
185,Lucky Knight - M24,37.49799999999999,172,667.824001022339,758.836073267245,159.27343448659974,1013.228001022339,172,345.404,0,667.824001022339,184.7456647398844,163.31311125502177,2.5413187371812347,0.6349331994470087
186,Bomber Jacket (Mustard),-7.9080000000000155,557,-503.0048343658447,197.40161256494468,119.65228869221053,857.625,6,46.772,181,810.853,90.74193548387096,51.02432547131112,-0.37595811572666493,0.25616669507287393
187,Silver Plate - R1895,8.124999999999996,782,-26.423436759948732,3.6673353961613295,4.145723247492926,36.888,4,1.0165632400512696,782,35.87143675994873,523.5376756066411,354.6317152112564,-0.012434046329050433,0.4595850768625104
188,Checked Shirt (White),170.96799999999996,1018,-377.44021484375,43.02122451880519,75.83264825337245,673.859,3,1.822082328796387,1007,672.0369176712037,199.76349362119726,214.59567843529314,-0.17663254055915395,0.46945685953061217
189,Desert Digital - M416,-144.3100000000004,775,-6944.750978031159,1236.1305048469585,883.4269943815484,7818.841,0,359.744,352,7459.097000000001,250.84536082474227,191.9605490078242,-1.1434333601381632,0.08406628612192694
190,Mandarin Jacket (Black),-4521.998,1017,-5088.511589324951,383.02011495977155,359.8451106387026,5163.86,0,53.904,636,5109.955999999999,429.60315893385985,460.51225873381253,-0.8956003060904194,0.5297054921634319
191,Cowboy Hat (White),-1705.4680000000008,815,-22347.675531982422,1652.3013589792129,1955.93795023971,24415.908,2,218.928,435,24196.98,72.17892156862744,56.29900781710035,-3.154549389488009,0.14433210165907748
192,[BATTLESTAT] Industrial Security - AKM,-8952.434000000005,465,-25803.011531250002,12742.520163243109,3132.60672261621,38810.141,0,6766.559,89,32043.582000000002,30.508583690987123,26.216270611495922,1.3849920118028178,0.003537295758085391
193,Tracksuit Top,-276.923,1011,-1318.9207856369019,493.0152111597071,459.8370546777117,2007.943,98,48.854,633,1959.089,161.44762845849803,150.4223310948353,-1.2409632920785418,0.6215689275073221
194,Gunsmith Crimson - AKM,18.031999999999996,172,84.25713083648682,134.74512009749384,31.883919974095207,199.472,71,39.838,0,159.63400000000001,1097.0057803468208,877.1641148380679,0.020599629916415337,0.0010410506616424652
195,Silver Plate - DP-28,23.83,782,-87.81622439193725,32.18305011921155,18.08067965329997,130.467,4,9.935347187638282,780,120.53165281236173,525.6960408684547,295.4304383092572,-0.06174352883828347,0.5957924025230893
196,Striped Shirt (Gray),-23.76899999999995,857,-519.2308503417968,7.058425889748793,33.904524064490474,520.42,0,0.9047062516212463,832,519.5152937483787,278.6223776223776,415.1760735960764,-0.031394746148605865,0.05260068339716164
197,Fingerless Gloves (Camo),30.603,1018,-39.86483298873901,3.046700686552808,6.446242719423491,78.471,3,0.45054112088680265,1015,78.0204588791132,977.9597644749755,855.8955799159555,-0.01067524534283378,0.23730622228695622
198,Combat Pants (Black),21.015,1018,-40.52927288818359,1.271088658043049,4.707790308587508,74.442,3,0.143,636,74.29899999999999,2285.7428851815507,3112.7844908053225,-0.0048764214066705554,0.09283995917509852
199,Lightbringer Shirt,29.557999999999993,703,-29.127174705505368,42.77905079907145,20.23997998649314,142.627,6,14.135,356,128.49200000000002,139.12642045454547,249.60319005128474,-0.014957765982272742,0.022556749007156235
200,Long Sleeved Turtleneck (Black),-29.954000000000008,815,-445.56418593215943,27.083179267458473,40.946155015704576,447.586,0,1.847452370762825,807,445.7385476292372,746.6899509803922,577.453281530201,-0.10894395630004645,0.39280630666072086
201,Leather Hoodie (Black),1459.101999999999,857,-82002.91223085023,3612.490327454745,7876.819352884897,98265.703,4,429.905,481,97835.798,235.87762237762237,166.96977850838593,-13.237493583531014,0.1732616691660777
202,Military Shirt (Gray),-14.13900000000001,815,-164.02741537475586,3.573228591553867,12.019495861884813,164.518,0,0.3276856460571289,811,164.19031435394288,617.1519607843137,557.8843276041652,-0.01815055747940255,0.12653359636318506
203,Tracksuit Top (Yellow),-3078.7929999999997,1017,-3155.0756954879757,804.0523667929009,688.8876063073686,3746.47,0,156.492,636,3589.9779999999996,455.8696939782823,513.3216133921534,-1.5235149443732143,0.41824804126661325
204,Leather Boots (Black),30.41799999999995,857,-502.61167379760747,7.638409837521317,36.20716261855846,534.275,1,0.9847782843112947,829,533.2902217156886,513.465034965035,739.3789694280315,-0.03307439273406764,0.05119028088879256
205,BROWN HAT RANGERS SET,-9406.280999999999,793,-16448.359,13665.853703703706,7013.631632799273,26869.662,0,2626.508,19,24243.154000000002,1.037037037037037,0.18885257457751053,-709.0472533577534,0.6200326890095498
206,VAN HELSING SET,4191.097000000002,775,2872.045000000002,17826.067468085104,10845.883132969107,74313.727,6,3684.605,44,70629.122,1.0638297872340425,0.24444947432076722,-300.32433753469,0.14108116509225133
207,GOLD RUSH SET,4390.450000000001,769,85462.158,22552.681743589743,14450.270978591494,96528.609,38,8532.306,33,87996.303,1.0256410256410255,0.15806189751202507,292.6410536437247,0.051949439114431686
208,Jungle Digital - SKS,140.25,782,-407.90079352951045,533.7934843699691,205.126990195209,1033.548,165,230.287,405,803.261,251.58492975734356,137.7813809727109,-0.4603708151455907,0.2573425039780794
209,Pochinki Fellas Jersey,3.0559999999999974,557,-35.16896193695068,11.776066853141486,7.384469385965921,51.155,3,3.5211493514776233,542,47.633850648522376,296.4587813620072,185.23418555481734,-0.03708511975218753,0.6544048957968648
210,Military Boots (Black),181.35500000000002,815,-2321.9850548515324,149.87313249914712,198.52471430876201,2518.896,1,13.564133927106857,808,2505.3318660728933,210.21936274509804,139.14306069930464,-0.531384741398688,0.39754602827953306
211,Protective Glasses,-625.5139999999997,1018,-3466.9216874999997,632.4904936144889,1233.3330678504485,14410.008,22,32.172,643,14377.836,37.502453385672226,32.05146046019645,-2.3815707379952045,0.3226509313864923
212,Shirt (Gray),-246.3699999999999,815,-2394.000837890625,452.94410120526476,408.0407787524891,2648.842,2,115.26009375000001,813,2533.58190625,22.665441176470587,23.397033115950677,-1.263095584098445,0.5316963969676457
213,TRACKSUIT SET (YELLOW),8990.182,1011,24670.878,8232.572285714285,3377.428305993669,26898.275,167,2146.088,145,24752.187,1.5238095238095237,0.963329920197329,5.167617219491697,0.005505925433230914
214,PGC 2019 Tactical Hoodie,96.92200000000003,151,192.58896765518193,526.3946884007297,67.63733164786282,705.913,41,320.895,0,385.01800000000003,368.67763157894734,314.4685073759099,-0.1305341267103237,0.007170712925841602
215,Desert Digital - R45,3.3560000000000016,775,-14.853815322875976,2.814451206212959,1.959404743349725,19.501,1,0.818,440,18.683,437.74871134020617,495.84843720511185,-0.00508398097526829,0.3378321667031482
216,Boots (Gray),0.14300000000000002,815,-0.8684349060058594,0.47291229022206627,0.4748603411815176,8.701,362,0.124,443,8.577,542.9865196078431,1055.95182811465,-0.000816611742679019,0.16409594911890188
217,Desert Digital - P18C,0.40499999999999936,752,-6.894373146057129,2.625602090008705,1.3624541938182333,11.42,3,0.881,417,10.539,442.10092961487385,449.5426424965429,-0.004286583843908326,0.4677208883148846
218,Tracksuit Pants,-889.7890000000001,1017,-936.5256214904786,52.984283063534924,56.59099180495322,964.166,0,14.382,944,949.7840000000001,513.0315893385982,601.4238657776158,-0.11379599496180405,0.3457773689966093
219,Sleeveless Turtleneck (Gray Striped),-1.157,815,-15.29783154296875,3.5484138296180787,2.821659278296586,17.488,0,1.1808039464950562,807,16.307196053504942,186.6200980392157,174.16411093346784,-0.00896243657442973,0.5598110525557167
220,CONSTABLE SET,-6464.196999999999,464,-543.5450000000001,20295.992166666667,22582.028885909942,69778.359,9,2266.72,6,67511.639,1.0,0.0,3642.519944055944,0.31005072481284446
221,Glory - UMP45,-32.34700000000001,416,15.657507995605442,292.48567018070383,73.80711555453784,421.01,186,77.765,40,343.245,133.17026378896884,174.6008459965535,0.25570916078079853,0.17393399575733273
222,Gunsmith Crimson - Win94,0.7849999999999999,172,8.686539768218994,9.824681531543677,3.4772336279652487,17.783,76,1.481,0,16.302,781.7919075144508,342.26660761160554,0.03260540949216738,0.2192845454651556
223,PGC 2019 Backpack (Level 2),75.731,151,173.32960744476316,510.58669057284294,70.95179174674159,667.911,56,260.77,0,407.14099999999996,250.3815789473684,223.57028019614015,0.22504033935146364,0.0193678380881012
224,AVIATOR CRATE,-2.9849999999999994,731,-38.05988439559936,0.8733387774424476,3.4174823410868633,38.242,0,0.116,294,38.126,10483.03825136612,25310.99842351657,-0.004479022704346651,0.07669977237381086
225,Gold Plate - S686,5690.1759999999995,782,-10756.27041796875,2271.5735315363218,1749.8232946393705,17451.422,1,493.718,404,16957.703999999998,44.49425287356322,45.796006732197654,-5.368510981682121,0.4809067509628925
226,DESPERADO CRATE,75.798,857,-287.5433074836731,4.998626584191423,31.026820602979157,388.123,3,0.119,422,388.00399999999996,20801.2668997669,41274.47632408394,-0.031120384549209363,0.061717467951755006
227,Gold Plate - S12K,-772.816,775,-2538.5164903411865,412.97972815409145,264.4420422348809,2887.427,3,66.221,399,2821.206,101.70876288659794,107.75322716489252,-0.6624291985933847,0.3148903882784598
228,Matched Shirt (Gray),-0.2629999999999999,815,-5.200525814056396,2.6576391743864214,1.7184025392138225,9.196,68,0.5639197082519531,809,8.632080291748046,288.08088235294116,286.39105536887826,-0.005425776940144022,0.5531876535130738
229,WEAPON SKIN KEY,-3.0649999999999977,775,14.044696044921864,236.00078786044762,38.50004066096014,559.0638017578125,769,142.601,102,416.4628017578125,1693.159793814433,3791.033136221557,0.0644580779965909,0.1406610328877851
230,Punk Boots,0.8769999999999989,815,-14.864999591827395,5.796251199658303,4.490478923851066,20.666,10,1.0809801981449128,787,19.585019801855086,506.0147058823529,517.7886187483322,-0.01683935309950221,0.7803041231796917
231,Silver Plate - VSS,4.672999999999995,172,14.348757892608639,68.85168875561352,7.920566364131113,84.539,61,49.72029555118084,152,34.81870444881916,260.97109826589593,236.13074236191522,-0.0971026279151385,0.374840010906034
232,PLAYERUNKNOWN's Bandana,573.6149999999998,1147,3455.1290054626465,19068.374997197847,21830.371819541895,89101.891,237,1260.933,768,87840.958,71.09581881533101,85.1425401476632,-39.02908175827348,0.35103999718758505
233,Cargo Pants (Beige),12.675999999999998,1018,-19.95811444091797,1.5607313008693298,2.5411282918985725,35.494,2,0.225,649,35.269,889.2855740922473,1236.8415939227025,-0.00431677513267684,0.24970795221351402
234,Tick Tock - QBZ,12.718000000000018,172,68.39766891479496,461.41902939741254,49.69121823559559,560.612,53,349.6814273155927,148,210.93057268440725,168.53757225433526,174.37782058183043,-0.7100052200603486,0.5091669951982775
235,Doomsday Hoodie,18088.386999999995,661,-29268.332899780275,13061.404461527232,5674.9099586825005,105129.461,3,7997.774,123,97131.68699999999,26.651017214397495,21.12809049311988,4.067087612357046,0.01747706543720717
236,IVORY SCHOOL UNIFORM SET (FEMALE),-1958.429,1011,33629.495,58016.27581818181,20715.506621995977,109898.312,83,14906.936,94,94991.376,1.3434343434343434,0.5888117835066535,117.34377141620284,0.02620437442720929
237,BLACK SCHOOL UNIFORM SET (FEMALE),-3746.6020000000008,1011,1419.5370000000003,38325.432910569114,18639.31827520955,99869.078,72,8123.529,118,91745.549,1.2276422764227641,0.4907768543995632,-93.03494640208433,0.03140743321517444
238,Beanie (Brown),8.754999999999995,857,-357.21732519531247,5.755004721348103,25.43967687209584,367.402,1,0.896,510,366.506,245.71794871794873,356.4871208055365,-0.023130159143454787,0.050713875486500685
239,Pilot Pants (Black),-13.049000000000007,445,-115.59367359924317,115.54200047142142,37.64770866570739,317.523,6,24.818,58,292.70500000000004,149.57623318385652,138.1041306947735,0.0574968230002507,0.03866311903218859
240,Dress Shoes (Brown),-0.014999999999999958,634,-0.22105693054199216,0.3176171643377289,0.18412270375344186,1.962,30,0.122,224,1.8399999999999999,720.9716535433071,1261.3448487796406,-0.00014175413418182495,0.019916907553908614
241,Mini-skirt (Purple),13844.875,1018,-17678.187641845703,3284.8376417658005,4341.553152367057,33270.324,3,141.255,635,33129.069,51.64573110893032,37.0885356792703,-11.68039019505465,0.6263126178113567
242,Coat (Camel),22.24599999999998,815,-301.39136465454106,353.29136712728814,91.58286456204766,588.953,10,166.1,438,422.85299999999995,97.15686274509804,81.35106023846485,-0.2996394815263394,0.593974835912591
243,Fancy Shoes,6.226999999999975,470,-657.425445892334,14.273110222451756,65.4985254652922,810.453,2,2.57,425,807.8829999999999,181.4755838641189,146.810054420709,-0.09102276805439113,0.03570225449632321
244,Baggy Pants (Black),731.0799999999999,857,-2285.447570346832,77.84989206935934,218.80550988535578,3033.95,1,16.032957972526553,856,3017.917042027473,974.4324009324009,1147.735007030267,-0.24895844459369992,0.07942001332468855
245,Trifecta - Micro UZI,-3.4150000000000205,775,-312.61093991851806,69.43705680398259,34.98076115000905,370.453,2,38.341,426,332.11199999999997,329.17525773195877,280.0874683081771,-0.05815265186395574,0.13868261217676564
246,Turquoise Delight - Tommy Gun,146.6780000000001,782,-1230.1630566024778,305.1036632010361,233.86418122698552,1820.697,5,45.645,386,1775.052,86.77522349936143,105.17739341701382,-0.7026026926893296,0.46114103419654734
247,Slip-ons (Gray),-0.020000000000000018,557,-0.18582140350341797,0.2738842625464163,0.10968463422821967,0.732,379,0.117,170,0.615,1215.8870967741937,1591.8193834786825,0.00032361875132043546,0.22587154891156552
248,Tracksuit Pants (Yellow),-1372.67,1017,-1765.1507946281433,626.1399146745185,571.8757156446811,2485.936,152,113.773,636,2372.163,431.5952615992103,490.56138244661344,-1.3476623443306046,0.474893361989923
249,Long Sleeved T-shirt (Red),-0.06999999999999995,815,-0.8409268951416015,0.4201401469803908,0.3365551575775536,1.964,69,0.108,375,1.8559999999999999,971.9534313725491,1330.302813746831,-0.0007521732416618856,0.2771543360530731
250,SURVIVOR CRATE,32.97999999999999,1018,-237.8819326210022,20.37561048109667,28.91887843844448,274.753,1,3.493759970545769,1002,271.2592400294542,14601.918547595682,21195.891335020693,-0.0663823547324084,0.45594149596050515
251,Aviator Sunglasses,-115.24099999999999,857,-6656.746181015014,299.9618844279869,543.636987447267,6771.65,0,45.108,481,6726.5419999999995,288.039627039627,257.20167196462654,-0.8101059060037993,0.13622547851022365
252,Floral Retro Jacket,-539.2290000000003,815,-3330.4181555175783,229.45892280713952,281.0706357750244,3415.702,0,34.094,438,3381.608,146.4264705882353,202.20062470883045,-0.6943410192370708,0.33862039531177357
253,School Shirt,-973.8779999999999,1017,-1016.8367257957458,31.072295918576696,39.737121700222126,1032.62,0,6.802,849,1025.818,510.4116485686081,583.2721983743043,-0.062462835468979655,0.21129430827285833
254,VK Headphones,76.48599999999999,613,-127.10435624694824,124.13577984900931,65.12573223639158,456.367,4,36.774,220,419.593,115.5358306188925,176.5889553160659,-0.1653030504407029,0.20240015537838274
255,Vintage Baseball Cap (Red-Black),-0.08599999999999997,634,-0.41400112915039056,0.6609384922170264,0.2811026082422121,2.731,42,0.204,240,2.5269999999999997,410.1464566929134,650.3678757641921,-0.00025726093174880375,0.028143820576913843
256,Punk Knuckle Gloves (Red),398.164,857,-1359.586351322174,42.56055345270503,114.27621576564971,1780.503,1,17.816,162,1762.687,962.0372960372961,985.4500189597375,-0.0842943945732453,0.03337939266877541
257,Shark Bite - M16A4,-978.8519999999999,752,-6958.047975585938,1037.6837281321566,920.2251728994614,7735.97,0,204.456,376,7531.514,117.11155378486056,99.16271408071692,-2.8715542134356924,0.4601016193000266
258,ZEST SET(MALE),5567.791000000001,792,-2231.7239999999993,11505.874,3408.363277279892,17713.627,12,6429.755,14,11283.872,1.125,0.33071891388307384,48.95820294117652,0.004384480228062545
259,Cropped Corset,-10029.066999999995,815,-32127.53248632812,1703.1479610824586,2089.4415738567213,33187.84,0,296.613,439,32891.227,91.64338235294117,79.83255472826886,-4.053173395787675,0.20879895589548467
260,Zest Checkered Skirt,-6288.993999999999,815,-36743.14568109131,2404.303098375283,3447.6615754788577,37838.949,0,178.011,439,37660.938,95.63848039215686,103.8060995962042,-9.303448436751324,0.40405182419710434
261,MILITIA CRATE,34.316,815,-233.39124842071533,18.679710372755046,26.71306254694588,273.082,1,4.0062271614074705,791,269.0757728385925,8671.484068627451,15736.075424387145,-0.07220382121804496,0.4053884972414987
262,Jungle Digital - P18C,10.312999999999988,782,-73.65407483673096,8.323113997009827,11.266005138242539,93.907,4,1.3354635509252548,754,92.57153644907474,341.6015325670498,272.35559562856923,-0.03280716207747235,0.43325043566159155
263,PLAYERUNKNOWN SET,6694.092999999999,1147,9868.591999999999,53223.2338,38542.09327389151,147764.156,137,130.155,153,147634.001,1.73,1.436581590675123,-120.73959331103676,0.07360126166866693
264,"Leather ""Skyrocket"" Jacket",1434.2579999999998,703,-4914.006752563477,905.4687021725483,1121.4846958147452,7769.447,5,60.085,327,7709.362,120.3778409090909,140.32920655914842,-3.990342790773623,0.5228738277378311
265,ZEST SET(FEMALE),-27126.339999999997,799,-35792.12299999999,12535.161705882354,9672.955257074373,44956.145,0,2270.722,25,42685.422999999995,1.0588235294117647,0.23529411764705885,-678.299991749427,0.47328855648598206
266,Reaper Mask,2616.1059999999998,634,9519.054587890623,17166.828498487794,5829.758009470324,29358.5594296875,633,8621.696,120,20736.8634296875,23.76220472440945,18.906862184373043,24.702151265181755,0.6033004171055133
267,Slacks (Black),-82.64699999999993,1018,-769.9962144470214,14.19075346628049,34.447047414605706,775.097,0,2.11,955,772.987,593.836291913215,721.0685302179455,-0.040535391630389654,0.11864760675322693
268,Zest Loafers with Socks,-215.42699999999996,815,-634.625583190918,51.882504895356796,40.991677830233954,653.991,0,17.216,422,636.775,313.8247549019608,423.4856352460422,-0.10416557929036577,0.3583071680785707
269,PGC 2019 Headgear,19.861000000000004,151,30.888024715423583,111.11560836034229,10.064859168842538,129.586,59,69.497,0,60.08900000000001,316.60526315789474,300.74674950981637,-0.04991390555097572,0.04734943846720318
270,Beanie (Gray),11.057000000000002,857,-68.3631901626587,1.9170006839983114,6.084269188453877,79.843,1,0.321,482,79.522,483.1689976689977,507.43039355848674,-0.007539783656070903,0.09420927636235987
271,Turquoise Delight - M16A4,4546.182999999999,782,-10381.127595840455,1778.839991051323,2602.99926354243,18474.043,2,151.587,406,18322.456000000002,111.85568326947637,129.75208058684407,-8.233868904911647,0.5112123951910771
272,Long Sleeved T-shirt (Light Blue),-0.516,1147,-8.475655323028565,0.9176837131642714,1.5570582222194078,39.704,884,0.118,759,39.586,1628.1803135888501,2634.784792710433,-0.0020159717946262217,0.18410322632017748
273,Vintage Aviator Goggles,10.451999999999998,703,-182.93827282714844,112.48977227813548,79.04287999923757,334.44,51,24.945,310,309.495,81.28693181818181,113.45924403280391,-0.30682210773319857,0.6223160221000787
274,Wide Pants (Red),-31.628999999999905,857,-577.8199191894531,7.751940866988439,41.00622338370385,578.906,0,1.0284073677062988,849,577.8775926322936,494.85664335664336,763.5779990071441,-0.03456088609951667,0.043577562131227474
275,School Shoes (Beige),-8.830999999999996,815,-36.3032412109375,2.6547555014637174,2.2686399149769123,37.495,0,0.736,474,36.759,270.74754901960785,413.12727706218607,-0.005639360160991124,0.3428679930428231
276,Striped T-shirt (Pink),-0.15600000000000003,816,-0.9245531692504882,0.42881120340672196,0.33650662790606733,2.001,56,0.124,462,1.8769999999999998,644.5919117647059,905.9738511696725,-0.000758849153242672,0.2821773052752257
277,Combat Pants (Coral),-86.88299999999998,816,-310.8030840034485,30.618961763398467,22.87648605216726,319.929,0,8.78797646868229,808,311.14102353131767,349.59191176470586,472.68884221253575,-0.06021919761698089,0.3844941332527963
278,Baggy Pants (Brown),149.15099999999984,858,-1908.2027499465944,41.65465667508616,155.1060680955047,2064.83,1,6.001562803983688,845,2058.8284371960162,644.7062937062936,792.3224264713998,-0.15724535462615413,0.06305083041649824
279,Twitch Prime Combat Pants,11.290999999999997,1043,-94.38241564941407,98.38880165212862,112.7159071057381,513.809,130,13.374879547119143,1023,500.43412045288085,316.43624161073825,457.07836876909056,-0.27690056832297577,0.5470968885697667
280,PGC 2019 - Helmet (Level 2),43.66,152,62.632538925170905,279.8044659383987,30.9772938342279,346.387,13,193.177,0,153.21,274.125,253.50488712459298,-0.1805983588867787,0.06543766296471609
281,School Shirt (Open),392.01200000000017,1019,-2010.2741046142578,316.91495477566053,379.7345175543492,2603.232,3,30.478,625,2572.754,97.702649656526,82.86865414550941,-0.9663515358560647,0.5603725257197512
282,Cowboy Hat (Brown),1687.5570000000007,816,-11495.468148376465,612.1055340982319,1010.0006555640456,13426.601,1,44.771,439,13381.83,123.58088235294117,111.11144523390267,-2.2084446999572767,0.26529445065547586
283,Vikendi Elite Attendant Hat,-1006.0490000000002,468,-1846.6919855957033,392.20487391927264,141.34439326483337,2248.532,0,154.062,86,2094.4700000000003,50.980728051391864,56.22257745172989,0.011656617643993974,0.000123605687394898
284,Loafers (Brown),0.0050000000000000044,558,0.013886550903320305,0.26539676826273667,0.11557432297951638,0.758,379,0.111,117,0.647,1231.4247311827958,1591.8201886996562,0.0003415805052633215,0.22664659249499883
285,Camo Tank Top (Red),-27.841000000000008,816,-480.53086582946776,17.39788223803949,40.67888451783501,482.529,0,1.3683674328327178,794,481.1606325671673,263.4473039215686,245.27995643151294,-0.08360222342009585,0.23436675345849858
286,EAST ERANGEL POLICE KEY,3.545000000000016,472,-132.02609497070313,189.18481732311088,24.088897416046507,322.952,1,125.793,57,197.159,173.79025423728814,234.94947272877332,-0.03556401643862952,0.040465840196818995
287,Polka Dot T-shirt,-2.6950000000000003,858,-59.522952087402345,0.9221024537595003,4.07597121783569,59.707,0,0.13,482,59.577,854.3053613053613,1057.879641385967,-0.003853798931926719,0.05484141181472824
288,Sneakers (Black),-93.75999999999999,858,-1408.5976307983399,114.66318223402384,154.57934822953322,1440.059,3,9.306834636569024,840,1430.752165363431,200.12820512820514,169.2012632326633,-0.4130084075397601,0.43793290830151477
289,Desert Digital - Kar98k,99.76099999999997,776,-2020.3890007400514,467.2067734725903,297.0374967462521,2448.598,1,97.672,399,2350.926,344.7886597938144,287.2650975373659,-0.6082418635895376,0.21041250122827887
290,Cargo Pants (Khaki),17.634,1019,-38.59367892837524,1.7759339752642982,4.357422393324283,68.638,2,0.245,657,68.393,830.2826300294406,1053.85189010751,-0.005655715149269214,0.1457747945040464
291,Long Sleeved Leather Shirt,-46.64300000000003,816,-555.5379214859008,237.91218734067533,113.84814778293553,681.365,3,76.194,437,605.171,130.59803921568627,126.19564524383662,-0.399587346899678,0.683549446162579
292,Rugged (Orange) - UMP45,-1.3739999999999988,417,-6.8284419288635245,11.894217429130197,2.1925516515351045,17.679,0,7.641,69,10.037999999999998,527.5635491606714,108.21140786091081,0.0010134439939546715,0.0030959091413050093
293,Cloth Mask (Checkered),7434.2850000000035,858,-48430.15293322754,4412.208409149597,6834.475542454251,57168.023,1,252.461,481,56915.562,58.25757575757576,54.21071806476471,-18.086024348666946,0.42960425549728226
294,Raglan T-Shirt (Blue-White),-0.41999999999999993,635,-0.7632897605895996,0.34179009754563877,0.27405646925505506,4.064,49,0.138,179,3.926,458.68818897637794,649.8046978081727,-0.0002599010294225306,0.03022045579574137
295,WHITE HAT RANGERS SET,23472.713,803,-10749.568000000001,21998.849941176468,12742.966598759136,59847.172,12,9415.973,16,50431.199,1.0588235294117647,0.23529411764705885,-34.46921078431378,0.00017560336418802764
296,Gunsmith Cobalt - PP-19 Bizon,1.124,173,7.630204658508301,9.954955491024634,1.7655998447057561,11.902,54,1.98,0,9.921999999999999,716.6705202312139,379.68540536873206,0.013166737863886807,0.13869738208212534
297,Dirty Long Sleeved T-shirt,-0.06800000000000006,816,-0.8815620498657227,0.4654400446879513,0.34702818471034264,3.609626504540443,809,0.13,440,3.4796265045404433,656.8321078431372,824.1861374799896,-0.0007471843445676922,0.2572316773909794
298,Biker Pants (Black),74.96000000000004,858,-507.48730889892573,48.660309307598844,61.086355681817736,632.588,2,5.282,819,627.3059999999999,199.8123543123543,193.90533336891338,-0.16794366484715703,0.4636940879628484
299,Zest Denim Jacket,-2077.053,816,-18486.58884765625,1523.341996054048,2034.7883075314385,19090.084,0,121.066,439,18969.018,130.37132352941177,119.25658452332868,-5.817209766107482,0.4535126458790368
300,Rugged (Beige) - Kar98k,31.564999999999998,783,-176.70996392440796,8.591088121709696,23.07847161668401,240.129,4,0.839,450,239.29,1294.072796934866,1412.8243963892546,-0.0464653335990667,0.2071026235967121
301,School Shirt with Necktie,-841.713,1018,-975.5210798645019,137.70627037266163,99.55948304732678,1038.694,0,48.49,637,990.204,311.58341559723596,327.5001491320611,-0.24392664419383572,0.5133226619364358
302,Gunsmith Cobalt - P1911,-0.015000000000000013,173,0.8136736068725587,1.6434855718075194,0.3586535519557342,2.243,46,0.717,1,1.5259999999999998,394.3815028901734,211.9714892597894,0.0007435959750087892,0.010720628265934123
303,Rugged (Beige) - S686,1.2300000000000004,783,-16.93144410705566,0.6141708949221201,1.6574678216046184,19.334,4,0.126,408,19.208,1559.0498084291187,1680.7225560508869,-0.0020457925318827378,0.07783492945252618
304,Born to Survive Shorts,22.923999999999978,558,-185.39956339263918,115.57077597209032,49.301417913782515,360.644,6,55.61231039905548,554,305.0316896009445,317.97132616487454,173.16145086796908,-0.23379798023401172,0.5835101936794558
305,Military Skirt (Black),20123.972999999998,816,-36647.96780908203,3485.000021651361,7419.894172040512,83799.812,2,256.417,436,83543.395,56.877450980392155,54.24763644776762,-16.054052060266017,0.2597600331167797
306,Kicks (Red),-5.596999999999998,558,-18.101649574279783,2.689582992732739,2.599095361857685,18.586,0,0.4843504257202148,557,18.101649574279783,815.7992831541219,604.5328264100896,-0.012550349478228216,0.6049966464526009
307,T-shirt (Striped),0.21199999999999974,1019,-3.9488905563354493,0.7808903220322229,1.0494674219397748,8.112,73,0.096,583,8.016,2521.511285574092,3996.569123412499,-0.0020835769507346977,0.3410734149532089
308,AVIATOR SET,47398.729999999996,704,55844.675,19099.015875000005,21274.741287801597,64647.422,14,4557.279,9,60090.143,1.0625,0.24206145913796356,1067.5364088235294,0.053505170317594185
309,Punk Glasses,1.6580000000000013,816,-24.180192359924316,8.851426075375988,7.252199564326852,29.696,3,1.2206098564863206,790,28.475390143513682,414.2708333333333,411.49879855004326,-0.02697271937615687,0.7675530370572486
310,Desert Digital - Win94,-1.2439999999999998,753,-9.341762557983397,5.17982136376493,3.334298315394414,38.334,539,1.517,418,36.817,536.0053120849933,464.3449111586413,0.00201339265248183,0.01722883822967479
311,Shark Bite - Kar98k,726.1319999999978,753,-16215.480840576172,4885.063813511517,2712.6438473804906,20273.318,1,1204.501,374,19068.817,82.66666666666667,74.6489022692526,-7.64971580867142,0.37576211172960894
312,"""Route Warrior"" Zima",-3552.04375,26,6890.425000000001,4349.279833333334,3394.2305761359835,10687.904,5,245.43525,1,10442.46875,13.833333333333334,27.376490319656064,1554.1369857142859,0.6114806345065656
313,Combat Gloves (Khaki),-96.28200000000004,816,-327.8689696159363,30.387004681800217,21.59508822279773,356.737,0,15.437,120,341.3,671.1801470588235,850.7775815583832,-0.027208505470756858,0.088084162278451
